id,fname,lname,city,numbers
3,Omar,Saleh,Saida,70112233,01334455
4,Layla,Hassan,Byblos,03778899
5,Jad,Mansour,Zahle,71445566
6,Nadine,Fares,Tyre,03221456
7,Tarek,Issa,Beirut,81812333
8,Maya,Salem,Tripoli,70119988
9,Ziad,Karam,Saida,78912345
10,Rita,Shami,Byblos,03245789
11,Rami,Azar,Zahle,70123232
12,Lina,Daoud,Tyre,71598765
13,Karim,Helou,Beirut,70123123
14,Dana,Bazzi,Tripoli,03235678
15,Wael,Najjar,Saida,76344556
16,Farah,Maalouf,Byblos,03214567
17,Samer,Rahme,Zahle,81456789
18,Nour,Akl,Tyre,70199887
19,Khaled,Yassine,Beirut,03216543
20,Jana,Obeid,Tripoli,76789000
21,Nabil,Fakhoury,Saida,03225678
22,Siba,Chahine,Byblos,03988776
23,Elie,Barakat,Zahle,70101100
24,Hiba,Saab,Tyre,71001199
25,Adib,Kassis,Beirut,03887766
26,Rania,Ghosn,Tripoli,03234455
27,Walid,Saliba,Try,03453267
28,Mira,Slim,Byblos,03992233
29,Georges,Khoury,Zahle,03217899
30,Tamara,Halabi,Tyre,71663322
31,Bassel,Zein,Beirut,70100102
32,Christine,Saba,Tripoli,71998877
33,Amir,Hachem,Saida,03225566
34,Nisrine,Matar,Byblos,03775544
35,Hani,Karam,Zahle,03213456
36,Lea,Nassif,Tyre,71664488
37,Youssef,Shadid,Beirut,70198765
38,Marwa,Ismail,Tripoli,03993322
39,Salim,Antoun,Saida,03210011
40,Rola,Daou,Byblos,03999887
41,Fadi,Moussa,Zahle,03889977
42,Ghina,Rached,Tyre,71334455
43,Hussein,Haider,Beirut,03244556
44,Joumana,Sharif,Tripoli,03214598
45,Majed,Boulos,Saida,03235666
46,Sandy,Nader,Byblos,03778855
47,Kareem,AbouNader,Zahle,03994422
48,Nancy,Asmar,Tyre,71002200
49,Fouad,Nahhas,Beirut,03885566
50,Jessica,Hatem,Tripoli,03219988